Label,# Samples,Average,Median,90% Line,95% Line,99% Line,Min,Max,Error %,Throughput,Received KB/sec,Sent KB/sec
wordpress,818,7630,7391,11493,12436,14245,1397,15691,0.000%,12.84992,263.44,4.78
TOTAL,818,7630,7391,11493,12436,14245,1397,15691,0.000%,12.84992,263.44,4.78
