Label,# Samples,Average,Median,90% Line,95% Line,99% Line,Min,Max,Error %,Throughput,Received KB/sec,Sent KB/sec
wordpress,772,4775,4484,4967,9681,10458,379,10643,0.000%,12.40200,254.36,4.61
TOTAL,772,4775,4484,4967,9681,10458,379,10643,0.000%,12.40200,254.36,4.61
