Label,# Samples,Average,Median,90% Line,95% Line,99% Line,Min,Max,Error %,Throughput,Received KB/sec,Sent KB/sec
wordpress,783,2326,2240,2435,3051,4720,614,7237,0.000%,12.80500,262.63,4.76
TOTAL,783,2326,2240,2435,3051,4720,614,7237,0.000%,12.80500,262.63,4.76
