Label,# Samples,Average,Median,90% Line,95% Line,99% Line,Min,Max,Error %,Throughput,Received KB/sec,Sent KB/sec
wordpress,785,3098,2935,3175,5363,7916,565,8771,0.000%,12.79398,262.29,4.76
TOTAL,785,3098,2935,3175,5363,7916,565,8771,0.000%,12.79398,262.29,4.76
