Label,# Samples,Average,Median,90% Line,95% Line,99% Line,Min,Max,Error %,Throughput,Received KB/sec,Sent KB/sec
wordpress,822,6015,5912,6852,8636,11826,1431,12732,0.000%,13.07585,268.07,4.87
TOTAL,822,6015,5912,6852,8636,11826,1431,12732,0.000%,13.07585,268.07,4.87
