Label,# Samples,Average,Median,90% Line,95% Line,99% Line,Min,Max,Error %,Throughput,Received KB/sec,Sent KB/sec
wordpress,771,4791,4412,4892,10118,11230,510,11510,0.000%,12.37620,253.73,4.60
TOTAL,771,4791,4412,4892,10118,11230,510,11510,0.000%,12.37620,253.73,4.60
