Label,# Samples,Average,Median,90% Line,95% Line,99% Line,Min,Max,Error %,Throughput,Received KB/sec,Sent KB/sec
wordpress,776,3935,3707,4036,6326,9718,536,10205,0.000%,12.56192,257.53,4.67
TOTAL,776,3935,3707,4036,6326,9718,536,10205,0.000%,12.56192,257.53,4.67
