Label,# Samples,Average,Median,90% Line,95% Line,99% Line,Min,Max,Error %,Throughput,Received KB/sec,Sent KB/sec
wordpress,1607,1886,1817,2335,2435,4690,528,7179,0.000%,3.93919,80.76,1.47
TOTAL,1607,1886,1817,2335,2435,4690,528,7179,0.000%,3.93919,80.76,1.47
