Label,# Samples,Average,Median,90% Line,95% Line,99% Line,Min,Max,Error %,Throughput,Received KB/sec,Sent KB/sec
wordpress,800,1511,1481,1662,1714,3342,528,4735,0.000%,13.15011,269.58,4.89
TOTAL,800,1511,1481,1662,1714,3342,528,4735,0.000%,13.15011,269.58,4.89
