Label,# Samples,Average,Median,90% Line,95% Line,99% Line,Min,Max,Error %,Throughput,Received KB/sec,Sent KB/sec
wordpress,765,8107,7648,13265,14455,15519,612,16310,0.000%,12.06149,247.38,4.49
TOTAL,765,8107,7648,13265,14455,15519,612,16310,0.000%,12.06149,247.38,4.49
