Label,# Samples,Average,Median,90% Line,95% Line,99% Line,Min,Max,Error %,Throughput,Received KB/sec,Sent KB/sec
wordpress,827,6765,6779,8300,9780,10847,1888,11352,0.000%,13.06044,267.87,4.86
TOTAL,827,6765,6779,8300,9780,10847,1888,11352,0.000%,13.06044,267.87,4.86
