Label,# Samples,Average,Median,90% Line,95% Line,99% Line,Min,Max,Error %,Throughput,Received KB/sec,Sent KB/sec
wordpress,782,5504,5176,5867,10191,11215,559,11754,0.000%,12.53406,256.96,4.66
TOTAL,782,5504,5176,5867,10191,11215,559,11754,0.000%,12.53406,256.96,4.66
