Label,# Samples,Average,Median,90% Line,95% Line,99% Line,Min,Max,Error %,Throughput,Received KB/sec,Sent KB/sec
wordpress,796,6980,6779,8883,11764,13538,1194,14390,0.000%,12.65742,259.60,4.71
TOTAL,796,6980,6779,8883,11764,13538,1194,14390,0.000%,12.65742,259.60,4.71
