Label,# Samples,Average,Median,90% Line,95% Line,99% Line,Min,Max,Error %,Throughput,Received KB/sec,Sent KB/sec
wordpress,768,5627,5263,5972,10629,11516,580,11991,0.000%,12.26132,251.48,4.56
TOTAL,768,5627,5263,5972,10629,11516,580,11991,0.000%,12.26132,251.48,4.56
