Label,# Samples,Average,Median,90% Line,95% Line,99% Line,Min,Max,Error %,Throughput,Received KB/sec,Sent KB/sec
wordpress,989,3709,3644,4079,5003,8643,607,9093,0.000%,15.99211,327.98,5.95
TOTAL,989,3709,3644,4079,5003,8643,607,9093,0.000%,15.99211,327.98,5.95
