Label,# Samples,Average,Median,90% Line,95% Line,99% Line,Min,Max,Error %,Throughput,Received KB/sec,Sent KB/sec
wordpress,1002,4926,4887,5480,6582,7247,2740,9384,0.000%,16.00179,328.18,5.95
TOTAL,1002,4926,4887,5480,6582,7247,2740,9384,0.000%,16.00179,328.18,5.95
