Label,# Samples,Average,Median,90% Line,95% Line,99% Line,Min,Max,Error %,Throughput,Received KB/sec,Sent KB/sec
wordpress,757,3210,3031,3279,5575,8296,614,9119,0.000%,12.35515,253.40,4.60
TOTAL,757,3210,3031,3279,5575,8296,614,9119,0.000%,12.35515,253.40,4.60
