Label,# Samples,Average,Median,90% Line,95% Line,99% Line,Min,Max,Error %,Throughput,Received KB/sec,Sent KB/sec
wordpress,798,1514,1479,1656,1696,3910,459,4807,0.000%,13.12306,269.14,4.88
TOTAL,798,1514,1479,1656,1696,3910,459,4807,0.000%,13.12306,269.14,4.88
